date,daily_qty,weekday,month,is_weekend,lag_1,lag_7,lag_14,rolling_mean_7,rolling_mean_14,rolling_std_7
2023-01-01,519.05,Sunday,1,1,,,,,,
2023-01-02,482.07,Monday,1,0,519.05,,,,,
2023-01-03,557.91,Tuesday,1,0,482.07,,,,,
2023-01-04,506.6799999999999,Wednesday,1,0,557.91,,,,,
2023-01-05,516.5699999999999,Thursday,1,0,506.6799999999999,,,,,
2023-01-06,515.9100000000001,Friday,1,0,516.5699999999999,,,,,
2023-01-07,628.04,Saturday,1,1,515.9100000000001,,,,,
2023-01-08,559.15,Sunday,1,1,628.04,519.05,,532.3185714285713,,47.77217126758057
2023-01-09,503.98,Monday,1,0,559.15,482.07,,538.0471428571428,,48.317072453494056
2023-01-10,465.21,Tuesday,1,0,503.98,557.91,,541.1771428571428,,44.657564388834075
2023-01-11,536.39,Wednesday,1,0,465.21,506.6799999999999,,527.9342857142857,,52.008322685618595
2023-01-12,497.61,Thursday,1,0,536.39,516.5699999999999,,532.1785714285714,,51.19057609514062
2023-01-13,513.53,Friday,1,0,497.61,515.9100000000001,,529.47,,52.63530912483242
2023-01-14,570.52,Saturday,1,1,513.53,628.04,,529.13,,52.745071491720125
2023-01-15,560.9,Sunday,1,1,570.52,559.15,519.05,520.9128571428571,526.6157142857143,36.854554994050915
2023-01-16,477.99,Monday,1,0,560.9,503.98,482.07,521.1628571428572,529.6049999999999,37.161818090743665
2023-01-17,435.84,Tuesday,1,0,477.99,465.21,557.91,517.45,529.3135714285714,40.32813781964148
2023-01-18,509.29,Wednesday,1,0,435.84,536.39,506.6799999999999,513.2542857142857,520.5942857142857,47.55014646214483
2023-01-19,519.16,Thursday,1,0,509.29,497.61,516.5699999999999,509.3828571428572,520.7807142857142,46.4428630018598
2023-01-20,554.5,Friday,1,0,519.16,513.53,515.9100000000001,512.4614285714285,520.9657142857143,46.246236397704585
2023-01-21,614.51,Saturday,1,1,554.5,570.52,628.04,518.3142857142857,523.7221428571429,48.91931174806898
2023-01-22,546.16,Sunday,1,1,614.51,560.9,559.15,524.5985714285714,522.7557142857142,58.60933868380005
2023-01-23,480.4,Monday,1,0,546.16,477.99,503.98,522.4928571428571,521.827857142857,57.33874597927818
2023-01-24,515.73,Tuesday,1,0,480.4,435.84,465.21,522.8371428571428,520.1435714285715,57.03341906703639
2023-01-25,477.14,Wednesday,1,0,515.73,509.29,536.39,534.25,523.7521428571429,42.986627377980426
2023-01-26,487.1,Thursday,1,0,477.14,519.16,497.61,529.6571428571428,519.52,47.570983703053614
2023-01-27,537.89,Friday,1,0,487.1,554.5,513.53,525.0771428571428,518.7692857142857,50.219645131590255
2023-01-28,591.12,Saturday,1,1,537.89,614.51,570.52,522.7042857142857,520.5092857142857,48.974701243649875
2023-01-29,550.25,Sunday,1,1,591.12,546.16,560.9,519.3628571428571,521.9807142857143,41.96306499541616
2023-01-30,484.21,Monday,1,0,550.25,480.4,477.99,519.9471428571429,521.22,42.42430895696698
2023-01-31,530.89,Tuesday,1,0,484.21,515.73,435.84,520.4914285714286,521.6642857142857,41.85296701094256
2023-02-01,574.59,Wednesday,2,0,530.89,477.14,509.29,522.657142857143,528.4535714285714,41.95762136342085
2023-02-02,502.65,Thursday,2,0,574.59,487.1,519.16,536.5785714285714,533.1178571428571,40.478842386515744
2023-02-03,448.74,Friday,2,0,502.65,537.89,554.5,538.8,531.9385714285714,37.63795911930761
2023-02-04,609.19,Saturday,2,1,448.74,591.12,614.51,526.0642857142857,524.3842857142856,50.78431905524343
2023-02-05,562.53,Sunday,2,1,609.19,550.25,546.16,528.6457142857143,524.0042857142857,54.93219209690644
2023-02-06,524.25,Monday,2,0,562.53,484.21,480.4,530.4,525.1735714285714,55.92425144782898
2023-02-07,566.62,Tuesday,2,0,524.25,530.89,515.73,536.12,528.3057142857143,52.34566043777335
2023-02-08,536.28,Wednesday,2,0,566.62,574.59,477.14,541.2242857142857,531.9407142857143,53.48041693216407
2023-02-09,486.66,Thursday,2,0,536.28,502.65,487.1,535.7514285714286,536.165,51.417312074362506
2023-02-10,569.48,Friday,2,0,486.66,448.74,537.89,533.4671428571429,536.1335714285714,53.44807128240949
2023-02-11,575.0,Saturday,2,1,569.48,609.19,591.12,550.7157142857143,538.39,39.10631358111847
2023-02-12,534.64,Sunday,2,1,575.0,562.53,550.25,545.8314285714285,537.2385714285714,32.09182992007551
2023-02-13,490.71,Monday,2,0,534.64,524.25,484.21,541.8471428571428,536.1235714285715,31.39691424024866
2023-02-14,513.06,Tuesday,2,0,490.71,566.62,530.89,537.0557142857143,536.5878571428572,36.649785746141795
2023-02-15,523.9300000000001,Wednesday,2,0,513.06,536.28,574.59,529.4042857142857,535.3142857142857,35.00280362920607
2023-02-16,575.28,Thursday,2,0,523.9300000000001,486.66,502.65,527.64,531.6957142857143,34.90959992132058
2023-02-17,575.37,Friday,2,0,575.28,569.48,448.74,540.3,536.8835714285714,33.61636754122422
2023-02-18,647.49,Saturday,2,1,575.37,575.0,609.19,541.1414285714285,545.9285714285714,34.52978783049578
2023-02-19,610.66,Sunday,2,1,647.49,534.64,562.53,551.4971428571429,548.6642857142857,52.546435881128374
2023-02-20,504.57,Monday,2,0,610.66,490.71,524.25,562.3571428571429,552.1021428571429,56.2098312024644
2023-02-21,526.01,Tuesday,2,0,504.57,513.06,566.62,564.3371428571429,550.6964285714286,53.44135218919467
2023-02-22,563.71,Wednesday,2,0,526.01,523.9300000000001,536.28,566.1871428571428,547.7957142857142,51.56150977692767
2023-02-23,550.09,Thursday,2,0,563.71,575.28,486.66,571.87,549.755,48.21123969919622
2023-02-24,503.97,Friday,2,0,550.09,575.37,569.48,568.2714285714286,554.2857142857142,48.85016903026778
2023-02-25,578.1800000000001,Saturday,2,1,503.97,647.49,575.0,558.0714285714286,549.6064285714285,54.2740547065145
2023-02-26,571.48,Sunday,2,1,578.1800000000001,610.66,534.64,548.17,549.8335714285714,39.57365243020511
2023-02-27,517.86,Monday,2,0,571.48,504.57,490.71,542.5728571428572,552.4649999999999,31.132790170647002
2023-02-28,502.75,Tuesday,2,0,517.86,526.01,513.06,544.4714285714286,554.4042857142857,28.742476945322434
2023-03-01,507.89,Wednesday,3,0,502.75,563.71,523.9300000000001,541.1485714285715,553.6678571428572,32.350537053023665
2023-03-02,513.2,Thursday,3,0,507.89,550.09,575.28,533.1742857142857,552.5221428571429,32.739714342646614
2023-03-03,555.24,Friday,3,0,513.2,503.97,575.37,527.9042857142857,548.0878571428572,32.53140475353158
2023-03-04,647.01,Saturday,3,1,555.24,578.1800000000001,647.49,535.2285714285715,546.65,32.01205212029349
2023-03-05,566.71,Sunday,3,1,647.01,571.48,610.66,545.0614285714286,546.6157142857144,51.836434878880226
2023-03-06,515.45,Monday,3,0,566.71,517.86,504.57,544.38,543.4764285714286,51.46125597638165
2023-03-07,517.48,Tuesday,3,0,515.45,502.75,526.01,544.0357142857143,544.2535714285715,51.675864726563645
2023-03-08,547.78,Wednesday,3,0,517.48,507.89,563.71,546.14,543.6442857142857,49.9867809192258
2023-03-09,564.9,Thursday,3,0,547.78,513.2,550.09,551.8385714285714,542.5064285714286,47.08924273071709
2023-03-10,528.97,Friday,3,0,564.9,555.24,503.97,559.2242857142858,543.5642857142858,43.97006741604387
2023-03-11,629.47,Saturday,3,1,528.97,647.01,578.1800000000001,555.4714285714286,545.35,45.46254994629162
2023-03-12,523.55,Sunday,3,1,629.47,566.71,571.48,552.9657142857143,549.0135714285715,39.69380508221369
2023-03-13,502.6,Monday,3,0,523.55,515.45,517.86,546.8000000000001,545.59,40.545973084060314
2023-03-14,498.16,Tuesday,3,0,502.6,517.48,502.75,544.9642857142857,544.5,42.4481726568385
2023-03-15,540.15,Wednesday,3,0,498.16,547.78,507.89,542.2042857142857,544.1721428571428,45.07958919405511
2023-03-16,579.91,Thursday,3,0,540.15,564.9,513.2,541.1142857142858,546.4764285714285,45.01449946300381
2023-03-17,577.23,Friday,3,0,579.91,528.97,555.24,543.2585714285714,551.2414285714286,46.66367696205537
2023-03-18,560.17,Saturday,3,1,577.23,629.47,647.01,550.1528571428572,552.8121428571428,47.75313068769631
2023-03-19,596.2,Sunday,3,1,560.17,523.55,566.71,540.2528571428571,546.6092857142856,33.67796743386094
2023-03-20,539.4300000000001,Monday,3,0,596.2,502.6,515.45,550.6314285714286,548.7157142857143,38.5191015075948
2023-03-21,478.66,Tuesday,3,0,539.4300000000001,498.16,517.48,555.8928571428571,550.4285714285714,32.98232492021854
2023-03-22,581.89,Wednesday,3,0,478.66,540.15,547.78,553.1071428571429,547.6557142857143,38.95405957205062
2023-03-23,576.73,Thursday,3,0,581.89,579.91,564.9,559.0699999999999,550.0921428571429,39.825009311570525
2023-03-24,559.0899999999999,Friday,3,0,576.73,577.23,528.97,558.6157142857144,550.9371428571428,39.56495412910405
2023-03-25,569.29,Saturday,3,1,559.0899999999999,560.17,629.47,556.0242857142857,553.0885714285714,38.727764311556136
2023-03-26,653.53,Sunday,3,1,569.29,596.2,523.55,557.3271428571428,548.7900000000001,39.042601823429614
2023-03-27,525.99,Monday,3,0,653.53,539.4300000000001,502.6,565.5171428571429,558.0742857142857,52.313647905139135
2023-03-28,564.83,Tuesday,3,0,525.99,478.66,498.16,563.5971428571428,559.745,53.6599753740427
2023-03-29,473.6,Wednesday,3,0,564.83,581.89,540.15,575.9071428571428,564.5071428571429,38.735872140384316
2023-03-30,532.52,Thursday,3,0,473.6,576.73,579.91,560.4371428571429,559.7535714285715,54.40361100585328
2023-03-31,541.3,Friday,3,0,532.52,559.0899999999999,577.23,554.1214285714285,556.3685714285714,54.76192303312333
2023-04-01,572.19,Saturday,4,1,541.3,569.29,560.17,551.58,553.8021428571428,54.90552431222207
2023-04-02,555.38,Sunday,4,1,572.19,653.53,596.2,551.9942857142858,554.6607142857143,55.07211358971167
2023-04-03,502.15,Monday,4,0,555.38,525.99,539.4300000000001,537.9728571428572,551.745,32.97318289877699
2023-04-04,485.84,Tuesday,4,0,502.15,564.83,478.66,534.5671428571429,549.0821428571428,35.547809925172594
2023-04-05,554.71,Wednesday,4,0,485.84,473.6,581.89,523.2828571428571,549.595,36.85337827765859
2023-04-06,524.14,Thursday,4,0,554.71,532.52,576.73,534.87,547.6535714285714,30.89896114758568
2023-04-07,497.0,Friday,4,0,524.14,541.3,559.0899999999999,533.6728571428571,543.8971428571429,31.166363125591023
2023-04-08,580.4399999999999,Saturday,4,1,497.0,572.19,569.29,527.3442857142857,539.4621428571429,33.750117460113195
2023-04-09,574.55,Sunday,4,1,580.4399999999999,555.38,653.53,528.5228571428571,540.2585714285714,35.666782265055325
2023-04-10,536.52,Monday,4,0,574.55,502.15,525.99,531.2614285714286,534.6171428571429,38.681195874555414
2023-04-11,551.95,Tuesday,4,0,536.52,485.84,564.83,536.1714285714286,535.3692857142856,36.4893365375748
2023-04-12,458.45,Wednesday,4,0,551.95,554.71,473.6,545.6157142857143,534.4492857142857,29.098049681002855
2023-04-13,576.79,Thursday,4,0,458.45,524.14,532.52,531.8642857142856,533.3671428571429,43.34286210252043
2023-04-14,581.0699999999999,Friday,4,0,576.79,497.0,541.3,539.3857142857142,536.5292857142857,46.24981832654163
2023-04-15,634.3699999999999,Saturday,4,1,581.0699999999999,580.4399999999999,572.19,551.3957142857142,539.37,44.282472776913814
2023-04-16,590.44,Sunday,4,1,634.3699999999999,574.55,555.38,559.1,543.8114285714286,53.83817387938307
2023-04-17,566.54,Monday,4,0,590.44,536.52,502.15,561.37,546.3157142857143,54.92224291365646
2023-04-18,496.65,Tuesday,4,0,566.54,551.95,485.84,565.6585714285713,550.915,53.819420419452086
2023-04-19,569.6,Wednesday,4,0,496.65,458.45,554.71,557.7585714285714,551.6871428571428,59.884010227709375
2023-04-20,539.1,Thursday,4,0,569.6,576.79,524.14,573.6371428571429,552.7507142857143,40.88539254806721
2023-04-21,563.04,Friday,4,0,539.1,581.0699999999999,497.0,568.2528571428571,553.8192857142857,42.83618397036413
2023-04-22,578.01,Saturday,4,1,563.04,634.3699999999999,580.4399999999999,565.6771428571428,558.5364285714285,42.47761477699614
2023-04-23,598.47,Sunday,4,1,578.01,590.44,574.55,557.6257142857143,558.3628571428571,31.106534070911625
2023-04-24,482.32,Monday,4,0,598.47,566.54,536.52,558.7728571428571,560.0714285714286,32.629142247530005
2023-04-25,526.4,Tuesday,4,0,482.32,496.65,551.95,546.7414285714286,556.2,43.12653762614232
2023-04-26,519.9000000000001,Wednesday,4,0,526.4,569.6,458.45,550.9914285714285,554.375,38.5952814165031
2023-04-27,533.39,Thursday,4,0,519.9000000000001,539.1,576.79,543.8914285714285,558.7642857142857,39.16865772041553
2023-04-28,595.38,Friday,4,0,533.39,563.04,581.0699999999999,543.0757142857143,555.6642857142857,39.344137579883245
2023-04-29,649.3,Saturday,4,1,595.38,578.01,634.3699999999999,547.6957142857143,556.6864285714286,43.73313345627984
2023-04-30,573.98,Sunday,4,1,649.3,598.47,590.44,557.88,557.7528571428571,57.956821571465504
2023-05-01,558.36,Monday,5,0,573.98,482.32,566.54,554.3814285714286,556.5771428571428,55.79716373573483
2023-05-02,552.8,Tuesday,5,0,558.36,526.4,496.65,565.2442857142858,555.9928571428571,45.96540142946052
2023-05-03,486.1,Wednesday,5,0,552.8,519.9000000000001,569.6,569.0157142857144,560.0035714285715,43.24990322037094
2023-05-04,543.63,Thursday,5,0,486.1,533.39,539.1,564.1871428571429,554.0392857142857,50.86384004191532
2023-05-05,548.85,Friday,5,0,543.63,595.38,563.04,565.65,554.3628571428571,49.96988059488126
2023-05-06,589.38,Saturday,5,1,548.85,649.3,578.01,559.0028571428572,553.3492857142858,48.42693696497382
2023-05-07,559.65,Sunday,5,1,589.38,573.98,598.47,550.4428571428572,554.1614285714286,32.47381237976557
2023-05-08,460.57,Monday,5,0,559.65,558.36,482.32,548.3957142857142,551.3885714285714,31.168172258006834
2023-05-09,541.75,Tuesday,5,0,460.57,552.8,526.4,534.4257142857143,549.8349999999999,44.86400296345372
2023-05-10,545.73,Wednesday,5,0,541.75,486.1,519.9000000000001,532.8471428571429,550.9314285714286,44.30060222099559
2023-05-11,523.11,Thursday,5,0,545.73,543.63,533.39,541.3657142857143,552.7764285714286,39.25975541490446
2023-05-12,624.81,Friday,5,0,523.11,548.85,595.38,538.4342857142857,552.0421428571428,39.824535091299175
2023-05-13,639.88,Saturday,5,1,624.81,589.38,649.3,549.2857142857142,554.1442857142857,51.71067583428128
2023-05-14,597.1800000000001,Sunday,5,1,639.88,559.65,573.98,556.5,553.4714285714286,60.93632660408757
2023-05-15,506.01,Monday,5,0,597.1800000000001,460.57,558.36,561.8614285714285,555.1285714285715,62.87970113069677
2023-05-16,525.47,Tuesday,5,0,506.01,541.75,552.8,568.3528571428571,551.3892857142857,52.101821693771534
2023-05-17,519.74,Wednesday,5,0,525.47,545.73,486.1,566.027142857143,549.4371428571428,53.82218214153182
2023-05-18,428.95,Thursday,5,0,519.74,523.11,543.63,562.3142857142857,551.84,56.29534049905724
2023-05-19,533.69,Friday,5,0,428.95,624.81,548.85,548.8628571428571,543.6485714285715,75.27445598481297
2023-05-20,628.09,Saturday,5,1,533.69,639.88,589.38,535.8457142857143,542.5657142857143,67.4210493483905
2023-05-21,591.91,Sunday,5,1,628.09,597.1800000000001,559.65,534.1614285714286,545.3307142857143,64.47170604964937
2023-05-22,533.73,Monday,5,0,591.91,506.01,460.57,533.4085714285713,547.635,63.638556035517695
2023-05-23,547.14,Tuesday,5,0,533.73,525.47,541.75,537.3685714285714,552.8607142857143,62.50179368854728
2023-05-24,585.92,Wednesday,5,0,547.14,519.74,545.73,540.4642857142857,553.2457142857144,62.35070966106251
2023-05-25,524.83,Thursday,5,0,585.92,428.95,523.11,549.9185714285715,556.1164285714286,63.687658780586446
2023-05-26,506.97,Friday,5,0,524.83,533.69,624.81,563.6157142857144,556.2392857142858,38.771695800392074
2023-05-27,535.36,Saturday,5,1,506.97,628.09,639.88,559.7985714285713,547.8221428571429,43.26403603786585
2023-05-28,523.75,Sunday,5,1,535.36,591.91,597.1800000000001,546.5514285714286,540.3564285714286,31.453081157268798
2023-05-29,515.98,Monday,5,0,523.75,533.73,506.01,536.8142857142857,535.1114285714286,24.94861175639717
2023-05-30,572.97,Tuesday,5,0,515.98,547.14,525.47,534.2785714285715,535.8235714285714,26.185699295971745
2023-05-31,544.5,Wednesday,5,0,572.97,585.92,519.74,537.9685714285714,539.2164285714285,29.862023501749835
2023-06-01,506.97,Thursday,6,0,544.5,524.83,428.95,532.0514285714286,540.985,21.789426662620574
2023-06-02,512.52,Friday,6,0,506.97,506.97,533.69,529.5,546.5578571428572,23.73476774691514
2023-06-03,565.62,Saturday,6,1,512.52,535.36,628.09,530.2928571428572,545.0457142857142,22.935977353120606
2023-06-04,615.88,Sunday,6,1,565.62,523.75,591.91,534.6157142857143,540.5835714285714,26.60788032215466
2023-06-05,433.79,Monday,6,0,615.88,515.98,533.73,547.7771428571428,542.2957142857142,39.835356453903515
2023-06-06,484.19,Tuesday,6,0,433.79,572.97,547.14,536.0357142857143,535.157142857143,58.50657537324139
2023-06-07,546.41,Wednesday,6,0,484.19,544.5,585.92,523.3528571428571,530.6607142857143,58.787709518879794
2023-06-08,546.09,Thursday,6,0,546.41,506.97,524.83,523.6257142857143,527.8385714285714,58.906532987194446
2023-06-09,502.91,Friday,6,0,546.09,512.52,506.97,529.2142857142857,529.3571428571429,58.918706949248595
2023-06-10,544.99,Saturday,6,1,502.91,565.62,535.36,527.8414285714285,529.0671428571428,59.4818001376812
2023-06-11,559.6600000000001,Sunday,6,1,544.99,615.88,523.75,524.8942857142857,529.755,57.784889563836344
2023-06-12,469.34,Monday,6,0,559.6600000000001,433.79,515.98,516.8628571428571,532.32,45.66780146313354
2023-06-13,496.79,Tuesday,6,0,469.34,484.19,572.97,521.9414285714286,528.9885714285714,35.800529990756374
2023-06-14,480.89,Wednesday,6,0,496.79,546.41,544.5,523.7414285714286,523.547142857143,33.849696418417835
2023-06-15,538.7,Thursday,6,0,480.89,546.09,506.97,514.3814285714286,519.0035714285715,35.55260254354156
2023-06-16,562.22,Friday,6,0,538.7,502.91,512.52,513.3257142857143,521.2700000000001,34.54968155045838
2023-06-17,631.12,Saturday,6,1,562.22,544.99,565.62,521.7985714285714,524.8199999999999,38.60423527221309
2023-06-18,527.06,Sunday,6,1,631.12,559.6600000000001,615.88,534.1028571428571,529.4985714285714,56.708738513650076
2023-06-19,392.9,Monday,6,0,527.06,469.34,433.79,529.4457142857143,523.1542857142857,55.58761488471544
2023-06-20,448.97,Tuesday,6,0,392.9,496.79,484.19,518.5257142857143,520.2335714285714,73.86610405708036
2023-06-21,481.16,Wednesday,6,0,448.97,480.89,546.41,511.69428571428574,517.7178571428572,78.29014962670219
2023-06-22,552.3199999999999,Thursday,6,0,481.16,538.7,546.09,511.73285714285714,513.0571428571428,78.27250831002445
2023-06-23,502.11,Friday,6,0,552.3199999999999,562.22,502.91,513.6785714285714,513.5021428571429,79.21816088679226
2023-06-24,591.65,Saturday,6,1,502.11,631.12,544.99,505.09142857142854,513.445,76.28290599878211
2023-06-25,549.19,Sunday,6,1,591.65,527.06,559.6600000000001,499.45285714285717,516.7778571428571,66.20815853913196
2023-06-26,427.72,Monday,6,0,549.19,392.9,469.34,502.61428571428576,516.03,68.24317813455599
2023-06-27,473.75,Tuesday,6,0,427.72,448.97,496.79,507.58857142857147,513.0571428571428,59.63990985589289
2023-06-28,537.3299999999999,Wednesday,6,0,473.75,481.16,480.89,511.12857142857143,511.4114285714286,56.21788547801344
2023-06-29,523.02,Thursday,6,0,537.3299999999999,552.3199999999999,538.7,519.1528571428572,515.4428571428572,55.22737748444626
2023-06-30,527.34,Friday,6,0,523.02,502.11,562.22,514.9671428571429,514.3228571428571,53.3738908438341
2023-07-01,531.67,Saturday,7,1,527.34,591.65,631.12,518.5714285714286,511.8314285714286,53.21259043640311
2023-07-02,531.57,Sunday,7,1,531.67,549.19,527.06,510.0028571428572,504.7278571428572,43.410119294271034
2023-07-03,525.7,Monday,7,0,531.57,427.72,392.9,507.4857142857142,505.05,41.21445573951866
2023-07-04,493.99,Tuesday,7,0,525.7,473.75,448.97,521.4828571428571,514.5357142857143,21.56207760110781
2023-07-05,474.44000000000005,Wednesday,7,0,493.99,537.3299999999999,481.16,524.3742857142857,517.7514285714286,14.191829641432342
2023-07-06,556.9,Thursday,7,0,474.44000000000005,523.02,552.3199999999999,515.39,517.2714285714286,22.244882557568033
2023-07-07,598.1,Friday,7,0,556.9,527.34,502.11,520.23,517.5985714285714,27.294360833940317
2023-07-08,543.49,Saturday,7,1,598.1,531.67,591.65,530.3385714285714,524.455,40.34805878377628
2023-07-09,454.5499999999999,Sunday,7,1,543.49,531.57,549.19,532.0271428571428,521.015,40.659200563663475
2023-07-10,468.52,Monday,7,0,454.5499999999999,525.7,427.72,521.0242857142857,514.255,50.12331821190049
2023-07-11,468.77,Tuesday,7,0,468.52,493.99,473.75,512.8557142857143,517.1692857142858,53.76157390340635
2023-07-12,476.46,Wednesday,7,0,468.77,474.44000000000005,537.3299999999999,509.2528571428571,516.8135714285714,56.033638621303595
2023-07-13,494.16,Thursday,7,0,476.46,556.9,523.02,509.5414285714286,512.4657142857143,55.829301574403594
2023-07-14,566.63,Friday,7,0,494.16,598.1,527.34,500.57857142857137,510.4042857142857,51.85378463480131
2023-07-15,598.34,Saturday,7,1,566.63,543.49,531.67,496.0828571428571,513.2107142857143,42.512296148402655
2023-07-16,506.1,Sunday,7,1,598.34,454.5499999999999,531.57,503.9185714285714,517.9728571428572,55.712160679864404
2023-07-17,415.34,Monday,7,0,506.1,468.52,525.7,511.28285714285715,516.1535714285714,51.333781831683204
2023-07-18,490.36,Tuesday,7,0,415.34,468.77,493.99,503.6857142857143,508.2707142857143,61.6215557136576
2023-07-19,486.52,Wednesday,7,0,490.36,476.46,474.44000000000005,506.77,508.01142857142855,60.10431848045516
2023-07-20,505.51,Thursday,7,0,486.52,494.16,556.9,508.20714285714286,508.8742857142857,59.37463451516573
2023-07-21,573.26,Friday,7,0,505.51,566.63,598.1,509.8285714285715,505.2035714285715,59.08134573861451
2023-07-22,527.4300000000001,Saturday,7,1,573.26,598.34,543.49,510.77571428571434,503.42928571428575,60.18651118457871
2023-07-23,505.24,Sunday,7,1,527.4300000000001,506.1,454.5499999999999,500.6457142857143,502.2821428571429,47.65507942746574
2023-07-24,469.5499999999999,Monday,7,0,505.24,415.34,468.52,500.5228571428571,505.90285714285716,47.63978054605378
2023-07-25,483.72,Tuesday,7,0,469.5499999999999,490.36,468.77,508.26714285714286,505.9764285714285,33.91330403361159
2023-07-26,459.58,Wednesday,7,0,483.72,486.52,476.46,507.31857142857143,507.0442857142857,34.583886145896976
2023-07-27,464.11,Thursday,7,0,459.58,505.51,494.16,503.46999999999997,505.8385714285714,38.55511466286471
2023-07-28,450.85,Friday,7,0,464.11,573.26,566.63,497.55571428571426,503.69214285714287,41.26979882720613
2023-07-29,607.38,Saturday,7,1,450.85,527.4300000000001,598.34,480.0685714285715,495.42214285714283,27.47381021298267
2023-07-30,577.02,Sunday,7,1,607.38,505.24,506.1,491.48999999999995,496.0678571428571,54.13072633295522
2023-07-31,470.85,Monday,7,0,577.02,469.5499999999999,415.34,501.74428571428564,501.1335714285715,63.207434915296176
2023-08-01,436.0,Tuesday,8,0,470.85,483.72,490.36,501.93,505.09857142857146,63.098893809638
2023-08-02,522.8299999999999,Wednesday,8,0,436.0,459.58,486.52,495.11285714285714,501.2157142857142,67.79708590450491
2023-08-03,505.17,Thursday,8,0,522.8299999999999,464.11,505.51,504.1485714285714,503.8092857142857,66.47407550531025
2023-08-04,493.94,Friday,8,0,505.17,450.85,573.26,510.0142857142857,503.78499999999997,64.1221830718882
2023-08-05,554.75,Saturday,8,1,493.94,607.38,527.4300000000001,516.17,498.1192857142857,59.38945809934055
2023-08-06,528.75,Sunday,8,1,554.75,577.02,505.24,508.65142857142854,500.07071428571425,48.19421868114157
2023-08-07,396.59,Monday,8,0,528.75,470.85,469.5499999999999,501.7557142857143,501.75,39.43968215606458
2023-08-08,463.58,Tuesday,8,0,396.59,436.0,483.72,491.1471428571428,496.5385714285714,55.75213440287416
2023-08-09,496.29,Wednesday,8,0,463.58,522.8299999999999,459.58,495.0871428571428,495.09999999999997,52.057464631016025
2023-08-10,516.24,Thursday,8,0,496.29,505.17,464.11,491.29571428571427,497.7221428571429,50.64753033042563
2023-08-11,485.96,Friday,8,0,516.24,493.94,450.85,492.8771428571429,501.44571428571425,51.32129048594565
2023-08-12,551.55,Saturday,8,1,485.96,554.75,607.38,491.7371428571428,503.9535714285715,51.38233993448346
2023-08-13,510.07,Sunday,8,1,551.55,528.75,577.02,491.28000000000003,499.96571428571434,50.73848637868452
2023-08-14,430.0,Monday,8,0,510.07,396.59,470.85,488.6114285714286,495.1835714285714,48.8971340089137
2023-08-15,430.46,Tuesday,8,0,430.0,463.58,436.0,493.38428571428574,492.2657142857143,39.05865967027098
2023-08-16,445.9500000000001,Wednesday,8,0,430.46,496.29,522.8299999999999,488.6528571428571,491.87,44.847777244914525
2023-08-17,489.68999999999994,Thursday,8,0,445.9500000000001,516.24,505.17,481.4614285714286,486.37857142857143,47.38341883984646
2023-08-18,494.68,Friday,8,0,489.68999999999994,485.96,493.94,477.6685714285714,485.2728571428571,45.1453029777441
2023-08-19,575.86,Saturday,8,1,494.68,551.55,554.75,478.9142857142857,485.32571428571424,45.530884337681826
2023-08-20,503.62,Sunday,8,1,575.86,510.07,528.75,482.38714285714286,486.8335714285714,52.40303417242296
2023-08-21,423.68,Monday,8,0,503.62,430.0,396.59,481.4657142857142,485.0385714285714,51.88933476066829
2023-08-22,469.92,Tuesday,8,0,423.68,430.46,463.58,480.5628571428571,486.97357142857146,52.97763890368709
2023-08-23,423.79,Wednesday,8,0,469.92,445.9500000000001,496.29,486.2000000000001,487.4264285714285,48.683182927988014
2023-08-24,481.94,Thursday,8,0,423.79,489.68999999999994,516.24,483.0342857142858,482.2478571428571,52.32129453582644
2023-08-25,492.08,Friday,8,0,481.94,494.68,485.96,481.9271428571428,479.79785714285714,52.238915479517075
2023-08-26,591.04,Saturday,8,1,492.08,575.86,551.55,481.5557142857143,480.235,52.14228158195004
2023-08-27,529.4,Sunday,8,1,591.04,503.62,510.07,483.72428571428566,483.05571428571426,56.82355258668159
2023-08-28,479.82,Monday,8,0,529.4,423.68,430.0,487.40714285714284,484.43642857142856,59.11709304825582
2023-08-29,515.59,Tuesday,8,0,479.82,469.92,430.46,495.4271428571428,487.99499999999995,52.46452347834185
2023-08-30,469.3,Wednesday,8,0,515.59,423.79,445.9500000000001,501.95142857142855,494.07571428571424,51.59638179451816
2023-08-31,437.03,Thursday,8,0,469.3,481.94,489.68999999999994,508.4528571428571,495.74357142857144,42.09937953394134
2023-09-01,529.14,Friday,9,0,437.03,492.08,494.68,502.03714285714284,491.98214285714283,49.57201788451655
2023-09-02,532.57,Saturday,9,1,529.14,591.04,575.86,507.33142857142855,494.44357142857143,50.30494290775372
2023-09-03,543.54,Sunday,9,1,532.57,529.4,503.62,498.9785714285714,491.3514285714286,37.2491447009505
2023-09-04,423.38,Monday,9,0,543.54,479.82,423.68,500.99857142857144,494.2028571428571,39.4898457110899
2023-09-05,489.46,Tuesday,9,0,423.38,515.59,469.92,492.9357142857143,494.18142857142857,49.12183929005564
2023-09-06,440.09,Wednesday,9,0,489.46,469.3,423.79,489.2028571428571,495.57714285714286,48.095486522224476
2023-09-07,459.16,Thursday,9,0,440.09,437.03,481.94,485.03000000000003,496.74142857142857,51.27233627080604
2023-09-08,496.22,Friday,9,0,459.16,529.14,492.08,488.1914285714285,495.1142857142857,48.42246256596552
2023-09-09,575.05,Saturday,9,1,496.22,532.57,591.04,483.48857142857145,495.40999999999997,45.27925147664942
2023-09-10,489.77,Sunday,9,1,575.05,543.54,529.4,489.5571428571428,494.26785714285717,54.79960362213224
2023-09-11,450.08,Monday,9,0,489.77,423.38,479.82,481.8757142857143,491.4371428571429,49.48205966379501
2023-09-12,436.7,Tuesday,9,0,450.08,489.46,515.59,485.69,489.3128571428571,45.052234128841455
2023-09-13,452.1,Wednesday,9,0,436.7,440.09,469.3,478.15285714285716,483.67785714285714,48.59075759657858
2023-09-14,452.65,Thursday,9,0,452.1,459.16,437.03,479.86857142857144,482.44928571428574,47.215348644471376
2023-09-15,452.08,Friday,9,0,452.65,496.22,529.14,478.93857142857144,483.565,47.752288401907855
2023-09-16,561.3299999999999,Saturday,9,1,452.08,575.05,532.57,472.6328571428571,478.0607142857143,48.00362337514516
2023-09-17,527.87,Sunday,9,1,561.3299999999999,489.77,543.54,470.67285714285714,480.11500000000007,43.160761390520506
2023-09-18,376.41,Monday,9,0,527.87,450.08,423.38,476.1157142857142,478.9957142857143,48.0911415464223
2023-09-19,449.09,Tuesday,9,0,376.41,436.7,489.46,465.59142857142854,475.6407142857143,61.052701667922065
2023-09-20,391.12,Wednesday,9,0,449.09,452.1,440.09,467.3614285714285,472.75714285714287,60.24982224830457
2023-09-21,502.94,Thursday,9,0,391.12,452.65,459.16,458.65000000000003,469.25928571428574,66.86911070641338
2023-09-22,542.53,Friday,9,0,502.94,452.08,496.22,465.83428571428567,472.38642857142855,68.79095649311768
2023-09-23,496.99,Saturday,9,1,542.53,561.3299999999999,575.05,478.7557142857143,475.6942857142857,74.06920544489478
2023-09-24,530.39,Sunday,9,1,496.99,527.87,489.77,469.5642857142857,470.11857142857144,65.62530402650603
2023-09-25,417.64,Monday,9,0,530.39,376.41,450.08,469.92428571428576,473.02,66.00427659304621
2023-09-26,446.67,Tuesday,9,0,417.64,449.09,436.7,475.8142857142857,470.70285714285717,57.569186450490676
2023-09-27,422.22,Wednesday,9,0,446.67,391.12,452.1,475.46857142857147,471.41499999999996,57.76335730910191
2023-09-28,431.88,Thursday,9,0,422.22,502.94,452.65,479.91142857142853,469.2807142857143,50.993771982001064
2023-09-29,529.27,Friday,9,0,431.88,542.53,452.08,469.76000000000005,467.7971428571429,52.690181248501304
2023-09-30,507.69,Saturday,9,1,529.27,496.99,561.3299999999999,467.86571428571426,473.31071428571425,49.79688773981105
2023-10-01,466.77,Sunday,10,1,507.69,530.39,527.87,469.3942857142857,469.4792857142857,50.98982606270275
2023-10-02,442.21,Monday,10,0,466.77,417.64,376.41,460.30571428571426,465.11499999999995,43.41268818258088
2023-10-03,433.26,Tuesday,10,0,442.21,446.67,449.09,463.8157142857143,469.815,40.267480616969365
2023-10-04,418.59,Wednesday,10,0,433.26,422.22,391.12,461.9,468.6842857142857,41.51868334456877
2023-10-05,432.51,Thursday,10,0,418.59,431.88,502.94,461.38142857142856,470.64642857142854,42.11527372524469
2023-10-06,455.58,Friday,10,0,432.51,529.27,542.53,461.47142857142853,465.61571428571426,42.042332011346446
2023-10-07,513.55,Saturday,10,1,455.58,507.69,496.99,450.9442857142857,459.40500000000003,29.630118605420964
2023-10-08,550.16,Sunday,10,1,513.55,466.77,530.39,451.78142857142853,460.5878571428571,31.522894552249905
2023-10-09,445.23,Monday,10,0,550.16,442.21,417.64,463.6942857142857,462.0,49.02793450579649
2023-10-10,440.17,Tuesday,10,0,445.23,433.26,446.67,464.12571428571425,463.9707142857143,48.82021878181897
2023-10-11,485.56,Wednesday,10,0,440.17,418.59,422.22,465.11285714285714,463.50642857142856,48.15745934407359
2023-10-12,561.78,Thursday,10,0,485.56,432.51,431.88,474.67999999999995,468.0307142857142,43.832718373378654
2023-10-13,514.0699999999999,Friday,10,0,561.78,455.58,529.27,493.1471428571429,477.30928571428564,49.91442133434803
2023-10-14,534.57,Saturday,10,1,514.0699999999999,513.55,507.69,501.50285714285707,476.22357142857146,47.41034827766507
2023-10-15,582.44,Sunday,10,1,534.57,550.16,466.77,504.5057142857143,478.1435714285714,48.94151096194392
2023-10-16,452.52,Monday,10,0,582.44,445.23,442.21,509.1171428571429,486.4057142857143,55.09417867442546
2023-10-17,489.46,Tuesday,10,0,452.52,440.17,433.26,510.15857142857146,487.14214285714286,53.737461616198225
2023-10-18,490.59,Wednesday,10,0,489.46,485.56,418.59,517.2,491.15642857142853,45.66042670263471
2023-10-19,457.24,Thursday,10,0,490.59,561.78,432.51,517.9185714285715,496.29928571428576,45.11584253473561
2023-10-20,494.36,Friday,10,0,457.24,514.0699999999999,455.58,502.9842857142857,498.0657142857143,45.47796054396104
2023-10-21,579.14,Saturday,10,1,494.36,534.57,513.55,500.16857142857145,500.8357142857143,45.2869681139327
2023-10-22,514.25,Sunday,10,1,579.14,582.44,550.16,506.5357142857143,505.5207142857143,53.34588639471728
2023-10-23,475.82,Monday,10,0,514.25,452.52,445.23,496.7942857142857,502.9557142857143,42.24626841790957
2023-10-24,570.25,Tuesday,10,0,475.82,489.46,440.17,500.1228571428572,505.14071428571424,38.96715656134233
2023-10-25,492.46,Wednesday,10,0,570.25,490.59,485.56,511.66428571428565,514.4321428571428,46.51580980596552
2023-10-26,461.89,Thursday,10,0,492.46,457.24,561.78,511.9314285714285,514.925,46.37977807499417
2023-10-27,509.4299999999999,Friday,10,0,461.89,494.36,514.0699999999999,512.5957142857143,507.79,45.49066968699654
2023-10-28,477.88,Saturday,10,1,509.4299999999999,579.14,534.57,514.7485714285714,507.45857142857136,44.835705796671874
2023-10-29,539.15,Sunday,10,1,477.88,514.25,582.44,500.2828571428571,503.40928571428566,36.07787951745729
2023-10-30,423.91,Monday,10,0,539.15,475.82,452.52,503.84,500.3171428571428,38.808678582674176
2023-10-31,453.23,Tuesday,10,0,423.91,570.25,489.46,496.4242857142857,498.2735714285714,48.7432319599832
2023-11-01,441.63,Wednesday,11,0,453.23,492.46,490.59,479.7071428571429,495.68571428571425,38.11099172779585
2023-11-02,464.7,Thursday,11,0,441.63,461.89,457.24,472.44571428571425,492.1885714285714,40.06831909673795
2023-11-03,503.48,Friday,11,0,464.7,509.4299999999999,494.36,472.84714285714284,492.72142857142853,39.95886664821019
2023-11-04,527.3199999999999,Saturday,11,1,503.48,477.88,579.14,471.9971428571429,493.3728571428572,39.10514702452152
2023-11-05,502.51,Sunday,11,1,527.3199999999999,539.15,514.25,479.06,489.6714285714285,44.44490596982515
2023-11-06,405.55,Monday,11,0,502.51,423.91,475.82,473.8257142857143,488.8328571428571,37.85808625958289
2023-11-07,522.55,Tuesday,11,0,405.55,453.23,570.25,471.2028571428571,483.81357142857144,42.271438629521974
2023-11-08,473.31,Wednesday,11,0,522.55,441.63,492.46,481.10571428571427,480.4064285714286,45.36571130165049
2023-11-09,493.28,Thursday,11,0,473.31,464.7,461.89,485.63142857142856,479.0385714285714,42.244039196305486
2023-11-10,445.69,Friday,11,0,493.28,503.48,509.4299999999999,489.7142857142857,481.2807142857142,41.253365461556186
2023-11-11,507.01,Saturday,11,1,445.69,527.3199999999999,477.88,481.4585714285714,476.7278571428572,43.74659241151229
2023-11-12,606.41,Sunday,11,1,507.01,502.51,539.15,478.5571428571429,478.8085714285714,40.77021572761325
2023-11-13,474.30999999999995,Monday,11,0,606.41,405.55,423.91,493.4,483.61285714285714,63.51338940202527
2023-11-14,596.86,Tuesday,11,0,474.30999999999995,522.55,453.23,503.22285714285715,487.2128571428571,51.92155901430711
2023-11-15,465.92,Wednesday,11,0,596.86,473.31,441.63,513.8385714285714,497.4721428571429,62.955820601585806
2023-11-16,453.82,Thursday,11,0,465.92,493.28,464.7,512.7828571428571,499.20714285714286,63.80495636816048
2023-11-17,486.68,Friday,11,0,453.82,445.69,503.48,507.14571428571423,498.43,67.45399688111956
2023-11-18,582.51,Saturday,11,1,486.68,507.01,527.3199999999999,513.0014285714286,497.22999999999996,62.85202872052517
2023-11-19,535.31,Sunday,11,1,582.51,606.41,502.51,523.7871428571428,501.17214285714283,67.92580258740333
2023-11-20,463.11,Monday,11,0,535.31,474.30999999999995,405.55,513.63,503.515,58.11992601509407
2023-11-21,564.74,Tuesday,11,0,463.11,596.86,522.55,512.03,507.62642857142856,59.52008456535215
2023-11-22,516.07,Wednesday,11,0,564.74,465.92,473.31,507.4414285714286,510.63999999999993,52.74257149228734
2023-11-23,578.56,Thursday,11,0,516.07,453.82,493.28,514.6057142857143,513.6942857142857,49.466836317255066
2023-11-24,480.9,Friday,11,0,578.56,486.68,445.69,532.4257142857143,519.7857142857143,46.285685640791186
2023-11-25,553.5699999999999,Saturday,11,1,480.9,582.51,507.01,531.6,522.3007142857143,47.278685119900636
2023-11-26,529.79,Sunday,11,1,553.5699999999999,535.31,606.41,527.4657142857143,525.6264285714286,43.17184841118263
2023-11-27,459.26,Monday,11,0,529.79,463.11,474.30999999999995,526.6771428571428,520.1535714285714,43.05494075956393
2023-11-28,471.42,Tuesday,11,0,459.26,564.74,596.86,526.1271428571429,519.0785714285714,44.016170405237325
2023-11-29,426.03,Wednesday,11,0,471.42,516.07,465.92,512.7957142857142,510.11857142857144,44.501628006603234
2023-11-30,480.61,Thursday,11,0,426.03,578.56,453.82,499.9328571428572,507.26928571428573,55.13886400543169
2023-12-01,543.67,Friday,12,0,480.61,480.9,486.68,485.94,509.18285714285713,42.93854290339391
2023-12-02,643.5799999999999,Saturday,12,1,543.67,553.5699999999999,582.51,494.90714285714284,513.2535714285715,47.97012011460341
2023-12-03,542.01,Sunday,12,1,643.5799999999999,529.79,535.31,507.76571428571424,517.6157142857143,72.23997297368044
2023-12-04,495.42,Monday,12,0,542.01,459.26,463.11,509.51142857142855,518.0942857142857,73.00451068908257
2023-12-05,478.63,Tuesday,12,0,495.42,471.42,564.74,514.6771428571428,520.4021428571428,70.07676926397359
2023-12-06,517.16,Wednesday,12,0,478.63,426.03,516.07,515.7071428571428,514.2514285714286,69.38457002203633
2023-12-07,531.36,Thursday,12,0,517.16,480.61,578.56,528.7257142857143,514.3292857142857,57.24079223104911
2023-12-08,542.64,Friday,12,0,531.36,543.67,480.9,535.9757142857143,510.9578571428571,53.20233355068321
2023-12-09,571.12,Saturday,12,1,542.64,643.5799999999999,553.5699999999999,535.8285714285714,515.3678571428571,53.17892578474206
2023-12-10,506.82,Sunday,12,1,571.12,542.01,529.79,525.4771428571429,516.6214285714285,31.23309927746881
2023-12-11,491.0,Monday,12,0,506.82,495.42,459.26,520.4499999999999,514.9807142857143,30.959348076685195
2023-12-12,473.91,Tuesday,12,0,491.0,478.63,471.42,519.8185714285714,517.2478571428571,31.593506942921003
2023-12-13,493.18999999999994,Wednesday,12,0,473.91,517.16,426.03,519.1442857142857,517.4257142857142,32.65173290814404
2023-12-14,512.7,Thursday,12,0,493.18999999999994,531.36,480.61,515.72,522.2228571428572,34.11847349066689
2023-12-15,529.75,Friday,12,0,512.7,542.64,543.67,513.0542857142857,524.515,33.414542670890484
2023-12-16,570.39,Saturday,12,1,529.75,571.12,643.5799999999999,511.2128571428571,523.5207142857142,31.82998152386392
2023-12-17,480.37,Sunday,12,1,570.39,506.82,542.01,511.1085714285714,518.2928571428572,31.60136781247042
2023-12-18,425.11,Monday,12,0,480.37,491.0,495.42,507.33000000000004,513.89,33.71054088362647
2023-12-19,431.21,Tuesday,12,0,425.11,473.91,478.63,497.9171428571429,508.86785714285713,45.992118424169384
2023-12-20,438.23,Wednesday,12,0,431.21,493.18999999999994,517.16,491.8171428571428,505.48071428571427,52.1291341172043
2023-12-21,537.99,Thursday,12,0,438.23,512.7,531.36,483.9657142857142,499.84285714285716,55.89105827623974
2023-12-22,565.29,Friday,12,0,537.99,529.75,542.64,487.5785714285715,500.3164285714286,58.799741334059625
2023-12-23,560.74,Saturday,12,1,565.29,570.39,571.12,492.6557142857143,501.9342857142857,64.32295154327143
2023-12-24,582.01,Sunday,12,1,560.74,480.37,506.82,491.27714285714285,501.1928571428571,62.45558440851764
2023-12-25,436.54,Monday,12,0,582.01,425.11,491.0,505.79714285714283,506.56357142857144,70.7600086476076
2023-12-26,467.66,Tuesday,12,0,436.54,431.21,473.91,507.43,502.67357142857145,68.68933226248926
2023-12-27,488.85,Wednesday,12,0,467.66,438.23,493.18999999999994,512.6371428571429,502.2271428571429,63.102707737540996
2023-12-28,501.92,Thursday,12,0,488.85,537.99,512.7,519.8685714285714,501.9171428571429,55.61034179256341
2023-12-29,474.97,Friday,12,0,501.92,565.29,529.75,514.7157142857143,501.1471428571429,55.32172896103388
2023-12-30,561.06,Saturday,12,1,474.97,560.74,570.39,501.81285714285724,497.2342857142857,51.99285134012331
2023-12-31,523.47,Sunday,12,1,561.06,582.01,480.37,501.85857142857145,496.5678571428571,52.05340316398489
2024-01-01,528.03,Monday,1,0,523.47,436.54,425.11,493.49571428571426,499.64642857142854,40.43633137709266
2024-01-02,502.73,Tuesday,1,0,528.03,467.66,431.21,506.5657142857143,506.9978571428572,33.0743369080129
2024-01-03,405.80999999999995,Wednesday,1,0,502.73,488.85,438.23,511.57571428571424,512.1064285714285,28.544783444698886
2024-01-04,551.86,Thursday,1,0,405.80999999999995,501.92,537.99,499.7128571428571,509.7907142857143,49.28431891054356
2024-01-05,566.64,Friday,1,0,551.86,474.97,565.29,506.84714285714284,510.78142857142853,53.12223536783987
2024-01-06,523.71,Saturday,1,1,566.64,561.06,560.74,519.9428571428571,510.8778571428571,55.21228840100911
2024-01-07,631.08,Sunday,1,1,523.71,523.47,582.01,514.6071428571429,508.23285714285714,52.30465840129534
2024-01-08,403.78,Monday,1,0,631.08,528.03,436.54,529.98,511.73785714285714,68.61458396968804
2024-01-09,529.5699999999999,Tuesday,1,0,403.78,502.73,467.66,512.2299999999999,509.3978571428571,83.6311014714821
2024-01-10,482.99,Wednesday,1,0,529.5699999999999,405.80999999999995,488.85,516.0642857142858,513.8199999999999,83.73816351324787
2024-01-11,610.95,Thursday,1,0,482.99,551.86,501.92,527.09,513.4014285714286,70.89830322370226
2024-01-12,545.83,Friday,1,0,610.95,566.64,474.97,535.5314285714286,521.1892857142857,77.5452116356587
2024-01-13,625.13,Saturday,1,1,545.83,523.71,561.06,532.5585714285714,526.2507142857143,76.54629458233597
2024-01-14,561.22,Sunday,1,1,625.13,631.08,523.47,547.0471428571428,530.8271428571428,83.84286149583397
2024-01-15,546.44,Monday,1,0,561.22,403.78,528.03,537.0671428571428,533.5235714285715,75.96040475455777
2024-01-16,527.26,Tuesday,1,0,546.44,529.5699999999999,502.73,557.4471428571429,534.8385714285714,48.364718102589535
2024-01-17,529.99,Wednesday,1,0,527.26,482.99,405.80999999999995,557.1171428571429,536.5907142857143,48.59396729166029
2024-01-18,514.8,Thursday,1,0,529.99,610.95,551.86,563.8314285714285,545.4607142857143,38.93096258274581
2024-01-19,505.6,Friday,1,0,514.8,545.83,566.64,550.0957142857143,542.8135714285714,36.41646004082276
2024-01-20,515.85,Saturday,1,1,505.6,625.13,523.71,544.3485714285714,538.4535714285714,40.18170414030637
2024-01-21,587.52,Sunday,1,1,515.85,561.22,631.08,528.7371428571429,537.8921428571429,19.441915812908523
2024-01-22,575.92,Monday,1,0,587.52,546.44,403.78,532.4942857142858,534.7807142857143,27.596509354834506
2024-01-23,479.12,Tuesday,1,0,575.92,527.26,529.5699999999999,536.7057142857143,547.0764285714286,31.980621141114156
2024-01-24,480.01,Wednesday,1,0,479.12,529.99,482.99,529.8285714285714,543.4728571428572,38.79945894320882
2024-01-25,539.8,Thursday,1,0,480.01,514.8,610.95,522.6885714285714,543.26,43.12268329180978
2024-01-26,533.01,Friday,1,0,539.8,505.6,545.83,526.26,538.1778571428571,43.39485491775905
2024-01-27,637.05,Saturday,1,1,533.01,515.85,625.13,530.1757142857143,537.2621428571429,42.4461968681702
2024-01-28,568.24,Sunday,1,1,637.05,587.52,561.22,547.49,538.1135714285714,57.63169440507604
2024-01-29,529.86,Monday,1,0,568.24,575.92,546.44,544.7357142857143,538.615,55.832386317484485
2024-01-30,533.19,Tuesday,1,0,529.86,479.12,527.26,538.1557142857143,537.4307142857143,54.23603441044966
2024-01-31,517.95,Wednesday,1,0,533.19,480.01,529.99,545.88,537.8542857142858,47.9080285547221
2024-02-01,497.94,Thursday,2,0,517.95,539.8,514.8,551.3,536.9942857142858,40.83843859241861
2024-02-02,551.35,Friday,2,0,497.94,533.01,505.6,545.32,535.79,45.59127328776929
2024-02-03,602.46,Saturday,2,1,551.35,637.05,515.85,547.9399999999999,539.0578571428571,45.29194041622348
2024-02-04,596.2,Sunday,2,1,602.46,568.24,587.52,542.9985714285715,545.2442857142858,34.5665384577693
2024-02-05,523.14,Monday,2,0,596.2,529.86,575.92,546.9928571428571,545.8642857142856,39.26545458554625
2024-02-06,531.8,Tuesday,2,0,523.14,533.19,479.12,546.0328571428572,542.0942857142858,39.83220711697499
2024-02-07,530.37,Wednesday,2,0,531.8,517.95,480.01,545.8342857142857,545.8571428571429,39.91029017565309
2024-02-08,489.91,Thursday,2,0,530.37,497.94,539.8,547.6085714285715,549.4542857142858,38.722434680932984
2024-02-09,529.21,Friday,2,0,489.91,551.35,533.01,546.4614285714285,545.8907142857144,40.51647460337319
2024-02-10,581.7,Saturday,2,1,529.21,602.46,637.05,543.2985714285714,545.6192857142858,40.93327148281429
2024-02-11,583.96,Sunday,2,1,581.7,596.2,568.24,540.3328571428572,541.6657142857142,36.4376708523324
2024-02-12,527.68,Monday,2,0,583.96,523.14,529.86,538.5842857142858,542.7885714285715,33.48385325155218
2024-02-13,536.81,Tuesday,2,0,527.68,531.8,533.19,539.2328571428571,542.6328571428572,33.17741084648175
2024-02-14,527.55,Wednesday,2,0,536.81,530.37,517.95,539.9485714285714,542.8914285714285,33.044113660667364
2024-02-15,524.35,Thursday,2,0,527.55,489.91,497.94,539.5457142857143,543.5771428571428,33.19718906631731
2024-02-16,534.78,Friday,2,0,524.35,529.21,551.35,544.4657142857143,545.4635714285715,26.489246155842704
2024-02-17,553.52,Saturday,2,1,534.78,581.7,602.46,545.2614285714286,544.28,26.034352580499895
2024-02-18,608.68,Sunday,2,1,553.52,583.96,596.2,541.2357142857143,540.7842857142857,21.18849912660533
2024-02-19,526.36,Monday,2,0,608.68,527.68,523.14,544.7671428571427,541.6757142857143,29.80432055608024
2024-02-20,528.34,Tuesday,2,0,526.36,536.81,531.8,544.5785714285714,541.9057142857143,29.93434116449606
2024-02-21,534.25,Wednesday,2,0,528.34,527.55,530.37,543.3685714285714,541.6585714285713,30.46714209798989
2024-02-22,480.34,Thursday,2,0,534.25,524.35,489.91,544.3257142857143,541.9357142857142,29.98885562846344
2024-02-23,534.05,Friday,2,0,480.34,534.78,529.21,538.0385714285715,541.2521428571429,38.3284795891919
2024-02-24,556.55,Saturday,2,1,534.05,553.52,581.7,537.9342857142857,541.5978571428572,38.33981475226697
2024-02-25,553.42,Sunday,2,1,556.55,608.68,583.96,538.3671428571428,539.8014285714286,38.561567963577104
2024-02-26,485.75,Monday,2,0,553.42,526.36,527.68,530.4728571428572,537.62,25.06132326533388
2024-02-27,527.24,Tuesday,2,0,485.75,528.34,536.81,524.6714285714286,534.625,30.320625229136482
2024-02-28,491.26,Wednesday,2,0,527.24,534.25,527.55,524.5142857142857,533.9414285714286,30.30128757283198
2024-02-29,488.23,Thursday,2,0,491.26,480.34,524.35,518.3728571428571,531.3492857142858,32.29048245447692
2024-03-01,545.0699999999999,Friday,3,0,488.23,534.05,534.78,519.5,528.7692857142857,30.847074415575072
2024-03-02,571.1,Saturday,3,1,545.0699999999999,556.55,553.52,521.0742857142857,529.5042857142856,31.974014896028567
2024-03-03,595.02,Sunday,3,1,571.1,553.42,608.68,523.1528571428572,530.76,34.99482900576726
2024-03-04,515.85,Monday,3,0,595.02,485.75,526.36,529.0957142857143,529.7842857142857,43.492129118245465
2024-03-05,531.0,Tuesday,3,0,515.85,527.24,528.34,533.3957142857142,529.0335714285713,39.82578681254321
2024-03-06,516.21,Wednesday,3,0,531.0,491.26,534.25,533.9328571428571,529.2235714285714,39.75421726655219
2024-03-07,569.19,Thursday,3,0,516.21,488.23,480.34,537.4971428571429,527.9350000000001,36.25507951275573
2024-03-08,484.86,Friday,3,0,569.19,545.0699999999999,534.05,549.0628571428572,534.2814285714286,30.35185426202034
2024-03-09,590.51,Saturday,3,1,484.86,571.1,556.55,540.4614285714285,530.7678571428571,38.97773357040875
2024-03-10,535.43,Sunday,3,1,590.51,595.02,553.42,543.2342857142858,533.1935714285714,42.08701021183955
2024-03-11,542.3299999999999,Monday,3,0,535.43,515.85,485.75,534.7214285714286,531.9085714285713,35.354782999651256
2024-03-12,533.2,Tuesday,3,0,542.3299999999999,531.0,527.24,538.5042857142857,535.9499999999999,34.40289128215071
2024-03-13,524.09,Wednesday,3,0,533.2,516.21,491.26,538.8185714285714,536.3757142857143,34.33288823104994
2024-03-14,597.86,Thursday,3,0,524.09,569.19,488.23,539.9442857142857,538.7207142857143,33.58917477260816
2024-03-15,550.13,Friday,3,0,597.86,484.86,545.0699999999999,544.0400000000001,546.5514285714286,39.05314754707221
2024-03-16,615.26,Saturday,3,1,550.13,590.51,571.1,553.3642857142858,546.9128571428572,29.089257958419946
2024-03-17,630.77,Sunday,3,1,615.26,535.43,595.02,556.9,550.0671428571429,35.2157067229961
2024-03-18,512.06,Monday,3,0,630.77,542.3299999999999,515.85,570.52,552.6207142857143,43.08549872056824
2024-03-19,452.49,Tuesday,3,0,512.06,533.2,531.0,566.1957142857143,552.35,47.662285179914655
2024-03-20,527.64,Wednesday,3,0,452.49,524.09,516.21,554.6657142857142,546.7421428571429,63.95290789769845
2024-03-21,506.39,Thursday,3,0,527.64,597.86,569.19,555.1728571428572,547.5585714285714,63.68354201683192
2024-03-22,596.27,Friday,3,0,506.39,550.13,484.86,542.1057142857143,543.0728571428571,62.84356844767932
2024-03-23,598.14,Saturday,3,1,596.27,615.26,590.51,548.6971428571428,551.0307142857143,66.1578122658964
2024-03-24,496.86,Sunday,3,1,598.14,630.77,535.43,546.2514285714285,551.5757142857143,63.55214169708035
2024-03-25,515.0699999999999,Monday,3,0,496.86,512.06,542.3299999999999,527.1214285714285,548.8207142857143,53.17843279268162
2024-03-26,519.95,Tuesday,3,0,515.0699999999999,452.49,533.2,527.5514285714286,546.8735714285715,53.04835889028447
2024-03-27,478.65,Wednesday,3,0,519.95,527.64,524.09,537.1885714285714,545.9271428571428,42.14698938578847
2024-03-28,531.83,Thursday,3,0,478.65,506.39,597.86,530.1899999999999,542.6814285714285,47.69860480139902
2024-03-29,585.26,Friday,3,0,531.83,596.27,550.13,533.8242857142857,537.965,46.53803958668089
2024-03-30,625.62,Saturday,3,1,585.26,598.14,615.26,532.2514285714286,540.4742857142857,44.20328623853391
2024-03-31,598.48,Sunday,3,1,625.62,496.86,630.77,536.1771428571429,541.2142857142857,51.627012862869634
2024-04-01,528.98,Monday,4,0,598.48,515.0699999999999,512.06,550.6942857142857,538.9078571428571,52.99790400168188
2024-04-02,506.54,Tuesday,4,0,528.98,519.95,452.49,552.6814285714286,540.1164285714285,51.68405022460127
2024-04-03,609.41,Wednesday,4,0,506.54,478.65,527.64,550.7657142857144,543.9771428571428,53.3220429269624
2024-04-04,496.34,Thursday,4,0,609.41,531.83,506.39,569.4457142857143,549.8178571428572,46.287724743227834
2024-04-05,559.9200000000001,Friday,4,0,496.34,585.26,596.27,564.3757142857143,549.1,52.60685945677452
2024-04-06,619.44,Saturday,4,1,559.9200000000001,625.62,598.14,560.7557142857142,546.5035714285714,51.79584792147752
2024-04-07,540.85,Sunday,4,1,619.44,598.48,496.86,559.8728571428571,548.025,50.543500971700176
2024-04-08,518.4300000000001,Monday,4,0,540.85,528.98,515.0699999999999,551.64,551.1671428571428,47.827417171883724
2024-04-09,497.34,Tuesday,4,0,518.4300000000001,506.54,519.95,550.1328571428571,551.4071428571428,48.81649165131515
2024-04-10,610.5799999999999,Wednesday,4,0,497.34,609.41,478.65,548.8185714285714,549.7921428571428,50.28743429147199
2024-04-11,520.7,Thursday,4,0,610.5799999999999,496.34,531.83,548.9857142857143,559.2157142857143,50.52377917282937
2024-04-12,554.39,Friday,4,0,520.7,559.9200000000001,585.26,552.4657142857143,558.4207142857143,47.01001873967746
2024-04-13,551.49,Saturday,4,1,554.39,619.44,625.62,551.6757142857143,556.2157142857143,46.91023159793066
2024-04-14,612.16,Sunday,4,1,551.49,540.85,598.48,541.9685714285714,550.9207142857143,36.40479521005135
2024-04-15,559.67,Monday,4,0,612.16,518.4300000000001,528.98,552.1557142857143,551.8978571428571,45.00184250196309
2024-04-16,526.8299999999999,Tuesday,4,0,559.67,497.34,506.54,558.0471428571428,554.09,42.47955026217032
2024-04-17,541.26,Wednesday,4,0,526.8299999999999,610.5799999999999,609.41,562.26,555.5392857142857,36.49654960860545
2024-04-18,576.37,Thursday,4,0,541.26,520.7,496.34,552.3571428571429,550.6714285714286,30.032483366230704
2024-04-19,568.99,Friday,4,0,576.37,554.39,559.9200000000001,560.3100000000001,556.3878571428571,27.51789538948671
2024-04-20,608.64,Saturday,4,1,568.99,551.49,619.44,562.3957142857142,557.0357142857143,27.54769189190804
2024-04-21,572.62,Sunday,4,1,608.64,612.16,540.85,570.5600000000001,556.2642857142857,31.90157362889907
2024-04-22,535.85,Monday,4,0,572.62,559.67,518.4300000000001,564.9114285714286,558.5335714285715,26.32046569279849
2024-04-23,621.22,Tuesday,4,0,535.85,526.8299999999999,497.34,561.5085714285714,559.7778571428572,28.555908570482938
2024-04-24,522.74,Wednesday,4,0,621.22,541.26,610.5799999999999,574.9928571428571,568.6264285714285,31.577178317200236
2024-04-25,582.9200000000001,Thursday,4,0,522.74,576.37,520.7,572.3471428571428,562.3521428571429,35.416959080026345
2024-04-26,619.04,Friday,4,0,582.9200000000001,568.99,554.39,573.2828571428571,566.7964285714286,35.62686005169312
2024-04-27,568.52,Saturday,4,1,619.04,608.64,551.49,580.4328571428571,571.4142857142857,39.43997325653583
2024-04-28,577.6,Sunday,4,1,568.52,572.62,612.16,574.7014285714286,572.6307142857142,37.52642909940208
2024-04-29,498.94,Monday,4,0,577.6,535.85,559.67,575.4128571428572,570.1621428571428,37.52759816201397
2024-04-30,539.86,Tuesday,4,0,498.94,621.22,526.8299999999999,570.14,565.8242857142857,45.71320159428858
2024-05-01,558.95,Wednesday,5,0,539.86,522.74,541.26,558.5171428571429,566.755,40.620719554716366
2024-05-02,522.27,Thursday,5,0,558.95,582.9200000000001,576.37,563.6899999999999,568.0185714285715,37.49029074307192
2024-05-03,576.72,Friday,5,0,522.27,619.04,568.99,555.0257142857143,564.1542857142857,39.271418723691205
2024-05-04,580.74,Saturday,5,1,576.72,568.52,608.64,548.98,564.7064285714285,29.917733314319076
2024-05-05,560.88,Sunday,5,1,580.74,577.6,572.62,550.7257142857143,562.7135714285714,31.559409509233234
2024-05-06,522.86,Monday,5,0,560.88,498.94,535.85,548.3371428571428,561.875,29.768337045865376
2024-05-07,489.81,Tuesday,5,0,522.86,539.86,621.22,551.7542857142857,560.9471428571429,23.95896621110384
2024-05-08,575.46,Wednesday,5,0,489.81,558.95,522.74,544.6042857142858,551.5607142857143,33.62031967781006
2024-05-09,590.28,Thursday,5,0,575.46,522.27,582.9200000000001,546.9628571428572,555.3264285714286,35.33008855271815
2024-05-10,506.43,Friday,5,0,590.28,576.72,619.04,556.6785714285714,555.8521428571428,36.731373705400266
2024-05-11,633.37,Saturday,5,1,506.43,580.74,568.52,546.6371428571429,547.8085714285714,39.817523242197076
2024-05-12,592.78,Sunday,5,1,633.37,560.88,577.6,554.1557142857143,552.4407142857143,50.78794504510708
2024-05-13,486.38,Monday,5,0,592.78,522.86,498.94,558.7128571428572,553.525,52.87995641522645
2024-05-14,525.91,Tuesday,5,0,486.38,489.81,539.86,553.5014285714285,552.6278571428571,58.501055098340764
2024-05-15,564.9300000000001,Wednesday,5,0,525.91,575.46,558.95,558.6585714285713,551.6314285714286,53.31159455771112
2024-05-16,560.29,Thursday,5,0,564.9300000000001,590.28,522.27,557.1542857142857,552.0585714285714,52.905512270192474
2024-05-17,570.46,Friday,5,0,560.29,506.43,576.72,552.87,554.7742857142857,50.954217031894316
2024-05-18,493.31000000000006,Saturday,5,1,570.46,633.37,580.74,562.0171428571429,554.3271428571428,46.80640330634531
2024-05-19,551.26,Sunday,5,1,493.31000000000006,592.78,560.88,542.0085714285714,548.0821428571429,40.767791792284896
2024-05-20,474.35,Monday,5,0,551.26,486.38,522.86,536.0771428571428,547.395,34.7218834523162
2024-05-21,518.27,Tuesday,5,0,474.35,525.91,489.81,534.3585714285715,543.9300000000001,37.756709968151156
2024-05-22,505.99,Wednesday,5,0,518.27,564.9300000000001,575.46,533.2671428571429,545.9628571428572,38.15001123385016
2024-05-23,535.89,Thursday,5,0,505.99,560.29,590.28,524.8471428571429,541.0007142857143,36.46407214153245
2024-05-24,489.87,Friday,5,0,535.89,570.46,506.43,521.3614285714286,537.1157142857143,33.56205318936456
2024-05-25,622.03,Saturday,5,1,489.87,493.31000000000006,633.37,509.84857142857146,535.9328571428571,27.116070529344547
2024-05-26,586.36,Sunday,5,1,622.03,551.26,592.78,528.2371428571429,535.1228571428571,48.91465244494285
2024-05-27,502.79,Monday,5,0,586.36,474.35,486.38,533.2514285714285,534.6642857142857,53.272995794796614
2024-05-28,498.23,Tuesday,5,0,502.79,518.27,525.91,537.3142857142857,535.8364285714285,48.94051690816247
2024-05-29,481.38,Wednesday,5,0,498.23,505.99,564.9300000000001,534.4514285714286,533.8592857142858,50.791354391790136
2024-05-30,558.9,Thursday,5,0,481.38,535.89,560.29,530.9357142857143,527.8914285714286,53.84943820726573
2024-05-31,541.97,Friday,5,0,558.9,489.87,570.46,534.2228571428572,527.7921428571428,54.8944307176016
2024-06-01,574.35,Saturday,6,1,541.97,622.03,493.31000000000006,541.6657142857142,525.7571428571429,51.292398025810236
2024-06-02,578.86,Sunday,6,1,574.35,586.36,551.26,534.8542857142858,531.5457142857142,40.968556583939694
2024-06-03,577.3199999999999,Monday,6,0,578.86,502.79,474.35,533.7828571428572,533.5171428571429,39.467633031927505
2024-06-04,523.3299999999999,Tuesday,6,0,577.3199999999999,498.23,518.27,544.4300000000001,540.8721428571429,39.765056687164225
2024-06-05,522.9300000000001,Wednesday,6,0,523.3299999999999,481.38,505.99,548.0157142857144,541.2335714285715,35.84300715488054
2024-06-06,503.04,Thursday,6,0,522.9300000000001,558.9,535.89,553.9514285714286,542.4435714285714,24.666687001279872
2024-06-07,578.09,Friday,6,0,503.04,541.97,489.87,545.9714285714286,540.0971428571429,31.01718632660126
2024-06-08,551.85,Saturday,6,1,578.09,574.35,622.03,551.1314285714286,546.3985714285715,33.17028561256455
2024-06-09,618.21,Sunday,6,1,551.85,578.86,586.36,547.9171428571428,541.3857142857142,31.598259295034676
2024-06-10,491.14,Monday,6,0,618.21,577.3199999999999,502.79,553.5385714285715,543.6607142857143,40.31774234278391
2024-06-11,463.54,Tuesday,6,0,491.14,523.3299999999999,498.23,541.2271428571429,542.8285714285714,44.75888839634244
2024-06-12,454.4,Wednesday,6,0,463.54,522.9300000000001,481.38,532.6857142857143,540.3507142857143,53.57928855355209
2024-06-13,509.74,Thursday,6,0,454.4,503.04,558.9,522.8957142857142,538.4235714285713,61.355536793659624
2024-06-14,514.3499999999999,Friday,6,0,509.74,578.09,541.97,523.8528571428571,534.9121428571428,61.04564131704696
2024-06-15,625.49,Saturday,6,1,514.3499999999999,551.85,574.35,514.7471428571429,532.9392857142857,56.16591543937365
2024-06-16,555.29,Sunday,6,1,625.49,618.21,578.86,525.2671428571429,536.5921428571429,69.57049894753919
2024-06-17,486.7,Monday,6,0,555.29,491.14,577.3199999999999,516.2785714285714,534.9085714285713,58.79025186445222
2024-06-18,529.78,Tuesday,6,0,486.7,463.54,523.3299999999999,515.6442857142857,528.4357142857143,59.129645936462715
2024-06-19,449.18,Wednesday,6,0,529.78,454.4,522.9300000000001,525.1071428571429,528.8964285714286,54.522216179671965
2024-06-20,492.33,Thursday,6,0,449.18,509.74,503.04,524.3614285714285,523.6285714285715,55.67400752852034
2024-06-21,503.48,Friday,6,0,492.33,514.3499999999999,578.09,521.8742857142857,522.8635714285714,56.81328449612923
2024-06-22,578.53,Saturday,6,1,503.48,625.49,551.85,520.3214285714286,517.5342857142857,57.20045321165793
2024-06-23,567.08,Sunday,6,1,578.53,555.29,618.21,513.6128571428571,519.4399999999999,44.05323662505252
2024-06-24,493.6,Monday,6,0,567.08,486.7,491.14,515.2971428571428,515.7878571428572,46.0905256765734
2024-06-25,494.54,Tuesday,6,0,493.6,529.78,463.54,516.2828571428572,515.9635714285714,45.446282104731885
2024-06-26,508.34,Wednesday,6,0,494.54,449.18,454.4,511.24857142857144,518.1778571428571,45.653327892050314
2024-06-27,517.84,Thursday,6,0,508.34,492.33,509.74,519.7,522.0307142857143,36.881169088484064
2024-06-28,551.0,Friday,6,0,517.84,503.48,514.3499999999999,523.3442857142857,522.6092857142856,34.93494137065999
2024-06-29,589.4,Saturday,6,1,551.0,578.53,625.49,530.1328571428572,525.2271428571429,35.04843444638984
2024-06-30,564.8299999999999,Sunday,6,1,589.4,567.08,555.29,531.6857142857143,522.6492857142857,37.6912628501371
2024-07-01,436.1,Monday,7,0,564.8299999999999,493.6,486.7,531.3642857142858,523.3307142857142,37.34713905024216
2024-07-02,415.2999999999999,Tuesday,7,0,436.1,494.54,529.78,523.15,519.7164285714285,50.90133298843971
2024-07-03,505.33,Wednesday,7,0,415.2999999999999,508.34,449.18,511.8299999999999,511.5392857142857,65.14313445534135
2024-07-04,450.35,Thursday,7,0,505.33,517.84,492.33,511.40000000000003,515.55,65.17993479591718
2024-07-05,554.13,Friday,7,0,450.35,551.0,503.48,501.75857142857143,512.5514285714286,68.951036112247
2024-07-06,550.47,Saturday,7,1,554.13,589.4,578.53,502.20571428571424,516.1692857142857,69.33267744653145
2024-07-07,478.36,Sunday,7,1,550.47,564.8299999999999,567.08,496.6442857142857,514.1650000000001,62.38617952109345
2024-07-08,473.39,Monday,7,0,478.36,436.1,493.6,484.2914285714286,507.8278571428571,54.72519877490058
2024-07-09,437.9,Tuesday,7,0,473.39,415.2999999999999,494.54,489.61857142857144,506.38428571428574,50.93600966852806
2024-07-10,489.67,Wednesday,7,0,437.9,505.33,508.34,492.8471428571429,502.3385714285714,45.90834590583206
2024-07-11,497.43,Thursday,7,0,489.67,450.35,517.84,490.61000000000007,501.005,45.579045258393336
2024-07-12,523.55,Friday,7,0,497.43,554.13,551.0,497.3357142857143,499.54714285714283,41.9795473443688
2024-07-13,613.76,Saturday,7,1,523.55,550.47,589.4,492.9671428571429,497.5864285714286,36.28980881472823
2024-07-14,546.36,Sunday,7,1,613.76,478.36,564.8299999999999,502.00857142857143,499.32642857142855,55.698302017378005
2024-07-15,456.63,Monday,7,0,546.36,473.39,436.1,511.72285714285715,498.00714285714287,56.80526375676997
2024-07-16,561.45,Tuesday,7,0,456.63,437.9,415.2999999999999,509.3285714285715,499.47357142857146,59.00100943446413
2024-07-17,464.52,Wednesday,7,0,561.45,489.67,505.33,526.9785714285714,509.91285714285715,52.1546733056499
2024-07-18,515.07,Thursday,7,0,464.52,497.43,450.35,523.3857142857142,506.9978571428571,55.88595973263872
2024-07-19,474.06999999999994,Friday,7,0,515.07,523.55,554.13,525.9057142857143,511.6207142857143,54.909686715898474
2024-07-20,572.99,Saturday,7,1,474.06999999999994,613.76,550.47,518.8371428571428,505.90214285714285,58.34106778656188
2024-07-21,563.34,Sunday,7,1,572.99,546.36,478.36,513.0128571428571,507.51071428571424,48.488500600412515
2024-07-22,514.39,Monday,7,0,563.34,456.63,473.39,515.4385714285714,513.5807142857143,50.80421387659751
2024-07-23,470.36,Tuesday,7,0,514.39,561.45,437.9,523.6899999999999,516.5092857142857,43.87948989372316
2024-07-24,457.93999999999994,Wednesday,7,0,470.36,464.52,489.67,510.6771428571428,518.8278571428572,44.31964940982201
2024-07-25,487.85,Thursday,7,0,457.93999999999994,515.07,497.43,509.7371428571428,516.5614285714286,45.515431710679586
2024-07-26,468.34,Friday,7,0,487.85,474.06999999999994,523.55,505.84857142857135,515.8771428571429,46.14233032280726
2024-07-27,521.76,Saturday,7,1,468.34,572.99,613.76,505.03000000000003,511.9335714285714,46.845513481371334
2024-07-28,565.23,Sunday,7,1,521.76,563.34,546.36,497.7114285714285,505.3621428571428,37.53534708714424
2024-07-29,438.88,Monday,7,0,565.23,514.39,456.63,497.9814285714286,506.71,38.08882488279715
2024-07-30,527.0,Tuesday,7,0,438.88,470.36,561.45,487.1942857142857,505.4421428571428,43.03826199137341
2024-07-31,445.21,Wednesday,7,0,527.0,457.93999999999994,464.52,495.2857142857143,502.9814285714286,44.64033148665118
2024-08-01,539.59,Thursday,8,0,445.21,487.85,515.07,493.46714285714285,501.60214285714284,46.63024687699527
2024-08-02,485.55000000000007,Friday,8,0,539.59,468.34,474.06999999999994,500.85857142857145,503.3535714285714,49.59773631547165
2024-08-03,531.21,Saturday,8,1,485.55000000000007,521.76,572.99,503.31714285714287,504.17357142857145,48.1217129489679
2024-08-04,559.44,Sunday,8,1,531.21,565.23,563.34,504.6671428571429,501.18928571428575,48.85234648553603
2024-08-05,432.26,Monday,8,0,559.44,438.88,514.39,503.8400000000001,500.9107142857143,47.69124238264304
2024-08-06,456.05,Tuesday,8,0,432.26,527.0,470.36,502.89428571428573,495.0442857142857,49.23474682821171
2024-08-07,468.62,Wednesday,8,0,456.05,445.21,457.93999999999994,492.7585714285715,494.0221428571429,50.72562548606363
2024-08-08,450.13,Thursday,8,0,468.62,539.59,487.85,496.1028571428572,494.78499999999997,47.75292092786433
2024-08-09,464.14,Friday,8,0,450.13,485.55000000000007,468.34,483.3228571428572,492.09071428571434,46.117823638403195
2024-08-10,566.0,Saturday,8,1,464.14,531.21,521.76,480.2642857142857,491.79071428571433,46.65236644842466
2024-08-11,459.54,Sunday,8,1,566.0,559.44,565.23,485.2342857142857,494.95071428571424,54.22315060843261
2024-08-12,423.7000000000001,Monday,8,0,459.54,432.26,438.88,470.9628571428571,487.40142857142865,43.52947840804193
2024-08-13,353.86,Tuesday,8,0,423.7000000000001,456.05,527.0,469.74000000000007,486.31714285714287,44.89671814286648
2024-08-14,504.27,Wednesday,8,0,353.86,468.62,445.21,455.14142857142855,473.95,63.03864170188821
2024-08-15,437.84,Thursday,8,0,504.27,450.13,539.59,460.23428571428576,478.16857142857145,65.69323452156056
2024-08-16,510.39,Friday,8,0,437.84,464.14,485.55000000000007,458.4785714285714,470.90071428571434,66.17078419478172
2024-08-17,567.75,Saturday,8,1,510.39,566.0,531.21,465.0857142857143,472.675,69.07556293826414
2024-08-18,557.99,Sunday,8,1,567.75,459.54,559.44,465.33571428571435,475.28499999999997,69.5035075510924
2024-08-19,450.4,Monday,8,0,557.99,423.7000000000001,432.26,479.40000000000003,475.1814285714286,77.62197154586237
2024-08-20,451.68,Tuesday,8,0,450.4,353.86,456.05,483.2142857142857,476.4771428571429,75.04186761560575
2024-08-21,489.95,Wednesday,8,0,451.68,504.27,468.62,497.18857142857144,476.165,52.729825029285436
2024-08-22,450.88,Thursday,8,0,489.95,437.84,450.13,495.14285714285717,477.68857142857144,52.687067266482636
2024-08-23,469.6,Friday,8,0,450.88,510.39,464.14,497.0057142857143,477.7421428571429,50.50883383367809
2024-08-24,526.54,Saturday,8,1,469.6,567.75,566.0,491.17857142857144,478.1321428571428,51.05731858365055
2024-08-25,525.36,Sunday,8,1,526.54,557.99,459.54,485.2914285714286,475.31357142857144,42.398381426878224
2024-08-26,454.73,Monday,8,0,525.36,450.4,423.7000000000001,480.63,480.015,34.044192358364675
2024-08-27,515.03,Tuesday,8,0,454.73,451.68,353.86,481.2485714285714,482.2314285714286,33.43730672396303
2024-08-28,484.34,Wednesday,8,0,515.03,489.95,504.27,490.29857142857145,493.74357142857144,32.664679920147975
2024-08-29,454.96,Thursday,8,0,484.34,450.88,437.84,489.4971428571429,492.32,32.743383410131294
2024-08-30,435.6,Friday,8,0,454.96,469.6,510.39,490.08,493.5428571428571,31.968545478329233
2024-08-31,560.91,Saturday,8,1,435.6,526.54,567.75,485.2228571428572,488.2007142857143,37.67276766856302
2024-09-01,422.03,Sunday,9,1,560.91,525.36,557.99,490.1328571428572,487.71214285714285,45.40210190225626
2024-09-02,404.44,Monday,9,0,422.03,454.73,450.4,475.37142857142857,478.00071428571425,48.71661982957199
2024-09-03,480.93,Tuesday,9,0,404.44,515.03,451.68,468.1871428571429,474.71785714285716,55.503386597661944
2024-09-04,482.31,Wednesday,9,0,480.93,484.34,489.95,463.3157142857143,476.8071428571428,52.098891497210275
2024-09-05,456.99,Thursday,9,0,482.31,454.96,450.88,463.02571428571434,476.26142857142855,51.96784353717938
2024-09-06,538.37,Friday,9,0,456.99,435.6,469.6,463.3157142857143,476.6978571428571,51.920975163268615
2024-09-07,563.62,Saturday,9,1,538.37,560.91,526.54,477.9971428571428,481.61,57.05392265634495
2024-09-08,538.11,Sunday,9,1,563.62,422.03,525.36,478.38428571428574,484.25857142857143,57.715658146105355
2024-09-09,441.96,Monday,9,0,538.11,404.44,454.73,494.9671428571429,485.1692857142857,55.45719151269924
2024-09-10,428.75,Tuesday,9,0,441.96,480.93,515.03,500.32714285714286,484.25714285714287,46.30782321029789
2024-09-11,503.46,Wednesday,9,0,428.75,482.31,484.34,492.8728571428571,478.0942857142858,53.57947452594324
2024-09-12,438.89,Thursday,9,0,503.46,456.99,454.96,495.8942857142857,479.46000000000004,53.480792457711146
2024-09-13,512.3199999999999,Friday,9,0,438.89,538.37,435.6,493.3085714285714,478.3121428571429,56.05104026051367
2024-09-14,553.14,Saturday,9,1,512.3199999999999,563.62,560.91,489.58714285714285,483.7921428571429,53.36083698565392
2024-09-15,505.41,Sunday,9,1,553.14,538.11,422.03,488.09,483.2371428571428,51.03378815386272
2024-09-16,456.07,Monday,9,0,505.41,441.96,404.44,483.4185714285714,489.1928571428571,47.03174723119534
2024-09-17,468.56,Tuesday,9,0,456.07,428.75,480.93,485.4342857142857,492.8807142857143,45.22646896716678
2024-09-18,525.59,Wednesday,9,0,468.56,503.46,482.31,491.12142857142857,491.9971428571429,38.98253687168639
2024-09-19,510.86,Thursday,9,0,525.59,438.89,456.99,494.28285714285715,495.0885714285714,40.99534270877041
2024-09-20,473.69,Friday,9,0,510.86,512.3199999999999,538.37,504.56428571428575,498.93642857142856,33.0408519145332
2024-09-21,486.53,Saturday,9,1,473.69,553.14,563.62,499.0457142857143,494.3164285714286,34.71329085386138
2024-09-22,548.12,Sunday,9,1,486.53,505.41,538.11,489.53000000000003,488.81,25.254323062266835
2024-09-23,448.76,Monday,9,0,548.12,456.07,441.96,495.63142857142856,489.525,33.532836359093245
2024-09-24,442.26,Tuesday,9,0,448.76,468.56,428.75,494.58714285714285,490.01071428571424,35.049719786937935
2024-09-25,453.5,Wednesday,9,0,442.26,525.59,503.46,490.83000000000004,490.9757142857143,39.43940922478441
2024-09-26,446.01,Thursday,9,0,453.5,510.86,438.89,480.5314285714286,487.40714285714284,38.244061163607086
2024-09-27,444.03,Friday,9,0,446.01,473.69,512.3199999999999,471.26714285714286,487.9157142857143,37.520587999250836
2024-09-28,496.21,Saturday,9,1,444.03,486.53,553.14,467.03000000000003,483.0378571428572,38.85246710313259
2024-09-29,505.46,Sunday,9,1,496.21,548.12,505.41,468.41285714285715,478.9714285714286,39.82235875915511
2024-09-30,469.28,Monday,9,0,505.46,448.76,456.07,462.3185714285714,478.975,26.690202589821446
2024-10-01,492.81,Tuesday,10,0,469.28,442.26,468.56,465.25,479.9185714285714,26.07257563034382
2024-10-02,479.93,Wednesday,10,0,492.81,453.5,525.59,472.47142857142853,481.6507142857143,25.640610645725978
2024-10-03,525.74,Thursday,10,0,479.93,446.01,510.86,476.2471428571429,478.3892857142857,24.29186606958924
2024-10-04,449.82,Friday,10,0,525.74,444.03,473.69,487.63714285714286,479.45214285714286,26.355587462172043
2024-10-05,582.02,Saturday,10,1,449.82,496.21,486.53,488.4642857142857,477.7471428571429,24.804119857490846
2024-10-06,501.61,Sunday,10,1,582.02,505.46,548.12,500.7228571428572,484.5678571428571,43.459240948382195
2024-10-07,447.33,Monday,10,0,501.61,469.28,448.76,500.17285714285714,481.2457142857143,43.413635996956145
2024-10-08,428.15,Tuesday,10,0,447.33,492.81,442.26,497.03714285714284,481.1435714285714,46.686244838741004
2024-10-09,440.77,Wednesday,10,0,428.15,479.93,453.5,487.8,480.13571428571424,53.55360056367212
2024-10-10,465.98,Thursday,10,0,440.77,525.74,446.01,482.2057142857143,479.2264285714286,56.47822673595641
2024-10-11,540.11,Friday,10,0,465.98,449.82,444.03,473.6685714285714,480.6528571428571,53.223742643226274
2024-10-12,538.11,Saturday,10,1,540.11,582.02,496.21,486.56714285714287,487.51571428571424,57.26793422567466
2024-10-13,469.53,Sunday,10,1,538.11,501.61,505.46,480.2942857142857,490.50857142857143,46.453695173130214
2024-10-14,461.25,Monday,10,0,469.53,447.33,469.28,475.7114285714286,487.9421428571428,45.57442061382369
2024-10-15,369.42,Tuesday,10,0,461.25,428.15,492.81,477.7,487.36857142857144,44.41867737787793
2024-10-16,463.16,Wednesday,10,0,369.42,440.77,479.93,469.31,478.555,58.61559036069953
2024-10-17,467.88,Thursday,10,0,463.16,465.98,525.74,472.5085714285715,477.35714285714283,57.396863279152406
2024-10-18,478.89,Friday,10,0,467.88,540.11,449.82,472.78000000000003,473.2242857142857,57.3653280881986
2024-10-19,589.62,Saturday,10,1,478.89,538.11,582.02,464.03428571428566,475.30071428571426,49.51982056279509
2024-10-20,481.87,Sunday,10,1,589.62,469.53,501.61,471.39285714285717,475.84357142857147,64.0556996460335
2024-10-21,477.0700000000001,Monday,10,0,481.87,461.25,447.33,473.1557142857143,474.4335714285714,64.16559640418502
2024-10-22,437.92,Tuesday,10,0,477.0700000000001,369.42,428.15,475.41571428571433,476.55785714285713,63.954625805368956
2024-10-23,473.06,Wednesday,10,0,437.92,463.16,440.77,485.2014285714286,477.2557142857143,48.37644172823918
2024-10-24,487.39,Thursday,10,0,473.06,467.88,465.98,486.61571428571426,479.5621428571429,47.76551924318876
2024-10-25,491.26,Friday,10,0,487.39,478.89,540.11,489.40285714285716,481.0914285714286,47.053983789645265
2024-10-26,554.15,Saturday,10,1,491.26,589.62,538.11,491.1700000000001,477.60214285714284,46.825088716769585
2024-10-27,560.98,Sunday,10,1,554.15,481.87,469.53,486.1028571428572,478.7478571428572,34.76080154152851
2024-10-28,488.77,Monday,10,0,560.98,477.0700000000001,461.25,497.4042857142857,485.28000000000003,44.617809171205465
2024-10-29,423.13,Tuesday,10,0,488.77,437.92,369.42,499.07571428571424,487.2457142857143,43.943155271761135
2024-10-30,505.35,Wednesday,10,0,423.13,473.06,463.16,496.9628571428571,491.0821428571429,47.57885794982406
2024-10-31,496.17,Thursday,10,0,505.35,487.39,467.88,501.57571428571424,494.0957142857143,46.42652756673469
2024-11-01,506.08,Friday,11,0,496.17,491.26,478.89,502.83,496.11642857142857,46.09683539391124
2024-11-02,504.15,Saturday,11,1,506.08,554.15,589.62,504.94714285714286,498.0585714285714,45.816356145771856
2024-11-03,445.34,Sunday,11,1,504.15,560.98,481.87,497.80428571428575,491.9535714285715,40.45038601263828
2024-11-04,486.33,Monday,11,0,445.34,488.77,477.0700000000001,481.28428571428566,489.3442857142857,33.33756632646481
2024-11-05,426.08,Tuesday,11,0,486.33,423.13,437.92,480.9357142857143,490.0057142857143,33.258915525085506
2024-11-06,468.64,Wednesday,11,0,426.08,505.35,473.06,481.35714285714283,489.16,32.41228764644979
2024-11-07,430.02,Thursday,11,0,468.64,496.17,487.39,476.1128571428571,488.8442857142857,30.813658072509565
2024-11-08,519.24,Friday,11,0,430.02,506.08,491.26,466.66285714285715,484.74642857142857,33.65024552376301
2024-11-09,537.51,Saturday,11,1,519.24,504.15,554.15,468.5428571428571,486.745,36.4690237115857
2024-11-10,488.24,Sunday,11,1,537.51,445.34,560.98,473.3085714285714,485.55642857142857,43.41572696177109
2024-11-11,411.4299999999999,Monday,11,0,488.24,486.33,488.77,479.4371428571429,480.3607142857143,41.80778026248465
2024-11-12,437.62,Tuesday,11,0,411.4299999999999,426.08,423.13,468.7371428571428,474.8364285714286,48.75683361139786
2024-11-13,425.43,Wednesday,11,0,437.62,468.64,505.35,470.38571428571424,475.87142857142857,47.24579905739176
2024-11-14,424.36,Thursday,11,0,425.43,430.02,496.17,464.21285714285716,470.16285714285715,50.239812802957395
2024-11-15,491.82,Friday,11,0,424.36,519.24,506.08,463.4042857142857,465.03357142857146,50.922743725877915
2024-11-16,569.0,Saturday,11,1,491.82,537.51,504.15,459.4871428571428,464.015,46.79952411235468
2024-11-17,454.16,Sunday,11,1,569.0,488.24,445.34,463.9857142857142,468.6471428571428,56.132302600535695
2024-11-18,382.4299999999999,Monday,11,0,454.16,411.4299999999999,486.33,459.1171428571428,469.27714285714285,55.147326533654685
2024-11-19,501.58,Tuesday,11,0,382.4299999999999,437.62,426.08,454.97428571428566,461.85571428571427,60.18593020995943
2024-11-20,482.26,Wednesday,11,0,501.58,425.43,468.64,464.1114285714286,467.2485714285714,61.94162155572287
2024-11-21,474.72,Thursday,11,0,482.26,424.36,430.02,472.22999999999996,468.2214285714286,59.71086752007554
2024-11-22,495.49,Friday,11,0,474.72,491.82,519.24,479.42428571428576,471.41428571428565,55.893775997315714
2024-11-23,522.64,Saturday,11,1,495.49,569.0,537.51,479.9485714285714,469.71785714285716,56.046430879099916
2024-11-24,456.63,Sunday,11,1,522.64,454.16,488.24,473.32571428571424,468.6557142857142,45.52028846464808
2024-11-25,452.67,Monday,11,0,456.63,382.4299999999999,411.4299999999999,473.67857142857144,466.3978571428571,45.3562393460818
2024-11-26,421.53,Tuesday,11,0,452.67,501.58,437.62,483.7128571428571,469.3435714285714,25.011266604129883
2024-11-27,476.33,Wednesday,11,0,421.53,482.26,425.43,472.27714285714285,468.1942857142857,32.622652515435725
2024-11-28,461.59,Thursday,11,0,476.33,474.72,424.36,471.43,471.83,32.39642315647425
2024-11-29,566.55,Friday,11,0,461.59,495.49,491.82,469.55428571428564,474.4892857142857,32.55391111020973
2024-11-30,513.2,Saturday,11,1,566.55,522.64,569.0,479.7057142857143,479.82714285714286,48.94331682574004
2024-12-01,535.95,Sunday,12,1,513.2,456.63,454.16,478.35714285714283,475.84142857142854,47.676817117716624
2024-12-02,453.11,Monday,12,0,535.95,452.67,382.4299999999999,489.68857142857144,481.6835714285714,50.96491094487515
2024-12-03,443.78,Tuesday,12,0,453.11,421.53,501.58,489.7514285714286,486.73214285714283,50.91188873225704
2024-12-04,461.59,Wednesday,12,0,443.78,476.33,482.26,492.92999999999995,482.6035714285714,46.44101671295903
2024-12-05,446.75,Thursday,12,0,461.59,461.59,474.72,490.82428571428574,481.1271428571428,47.63787983567386
2024-12-06,556.4200000000001,Friday,12,0,446.75,566.55,495.49,488.70428571428573,479.12928571428574,49.4513969661603
2024-12-07,506.14,Saturday,12,1,556.4200000000001,513.2,522.64,487.25714285714287,483.4814285714286,46.874739364354866
2024-12-08,619.14,Sunday,12,1,506.14,535.95,456.63,486.24857142857144,482.3028571428572,46.295890900659025
2024-12-09,469.4,Monday,12,0,619.14,453.11,452.67,498.1328571428572,493.9107142857143,67.15790241768177
2024-12-10,511.78,Tuesday,12,0,469.4,443.78,421.53,500.46,495.1057142857143,65.60197329349178
2024-12-11,472.01,Wednesday,12,0,511.78,461.59,476.33,510.17428571428576,501.5521428571429,60.658417898134914
2024-12-12,530.15,Thursday,12,0,472.01,446.75,461.59,511.66285714285715,501.2435714285715,59.38185882188995
2024-12-13,541.2,Friday,12,0,530.15,556.4200000000001,566.55,523.5771428571428,506.1407142857143,52.108340571763286
2024-12-14,534.28,Saturday,12,1,541.2,506.14,513.2,521.4028571428571,504.33,50.8109144161915
2024-12-15,580.03,Sunday,12,1,534.28,619.14,535.95,525.4228571428572,505.83571428571435,50.514415999886
2024-12-16,464.05,Monday,12,0,580.03,469.4,453.11,519.8357142857142,508.9842857142857,39.35047939442976
2024-12-17,466.15,Tuesday,12,0,464.05,511.78,443.78,519.0714285714286,509.7657142857143,40.52768001772442
2024-12-18,495.87,Wednesday,12,0,466.15,472.01,461.59,512.5528571428571,511.36357142857145,45.2861776977943
2024-12-19,470.18,Thursday,12,0,495.87,530.15,446.75,515.9614285714285,513.8121428571428,42.54075161088552
2024-12-20,584.67,Friday,12,0,470.18,541.2,556.4200000000001,507.39428571428573,515.4857142857143,45.16478231880202
2024-12-21,569.31,Saturday,12,1,584.67,534.28,506.14,513.6042857142858,517.5035714285715,52.91172896348002
2024-12-22,605.6500000000001,Sunday,12,1,569.31,580.03,619.14,518.6085714285714,522.0157142857142,56.71309032565342
2024-12-23,468.99,Monday,12,0,605.6500000000001,464.05,469.4,522.2685714285714,521.0521428571429,61.92481581955434
2024-12-24,513.28,Tuesday,12,0,468.99,466.15,511.78,522.9742857142858,521.0228571428571,61.17436114831748
2024-12-25,483.36,Wednesday,12,0,513.28,495.87,472.01,529.7071428571428,521.13,56.275327546591896
2024-12-26,481.01,Thursday,12,0,483.36,470.18,530.15,527.92,521.9407142857143,57.7093626141664
2024-12-27,474.34,Friday,12,0,481.01,584.67,541.2,529.4671428571429,518.4307142857143,56.02396532267423
2024-12-28,578.15,Saturday,12,1,474.34,569.31,534.28,513.7057142857143,513.655,53.361653165652974
2024-12-29,528.71,Sunday,12,1,578.15,605.6500000000001,580.03,514.9685714285714,516.7885714285713,54.97705867861972
2024-12-30,483.13,Monday,12,0,528.71,468.99,464.05,503.9771428571429,513.1228571428571,39.27443346261707
